Filename,Total amount of found fibrils,Avg Length Fibrils (um),Std Length Fibrils (um),Avg Width Fibrils (um),Std Width Fibrils (um),OrganizedOrientation (p-value of Chi-Square test of orientation distribution),PercAsg (Ratio of centriods to connected centroids of z-disks),Orientation frequency |,Orientation frequency /,Orientation frequency -,Orientation frequency \
Inverse FFT of MH7_middlemiddle.tif,3147,6.971169656000433,6.6786361716005525,0.4573755339874786,0.2727228515715943,0.007264870110123816,64.45521015565424,98.4000000000002,76.35555555555605,55.444444444445004,80.95555555555578
Inverse FFT of MH7_Topright.tif,4399,7.503409084148346,7.944557862735446,0.5224476486098647,0.3294721749803397,0.14380456810166792,67.66609556443936,98.4000000000002,76.35555555555605,55.444444444445004,80.95555555555578
Inverse FFT of MH7_Topmiddle.tif,4749,7.0263950357502845,6.4849959672829725,0.521915566151806,0.3255073806065072,0.12805108622302058,67.17316864375688,98.4000000000002,76.35555555555605,55.444444444445004,80.95555555555578
